{
  "project_info": {
    "project_number": "745193453655",
    "firebase_url": "https://dbexamp-9d940.firebaseio.com",
    "project_id": "dbexamp-9d940",
    "storage_bucket": "dbexamp-9d940.appspot.com"
  },
  "client": [
    {
      "client_info": {
        "mobilesdk_app_id": "1:745193453655:android:6e4479585bfa3bd6",
        "android_client_info": {
          "package_name": "com.example.dbexamp"
        }
      },
      "oauth_client": [
        {
          "client_id": "745193453655-5otopf79ob0dlfbkqkt2urhdq2gc2q06.apps.googleusercontent.com",
          "client_type": 3
        }
      ],
      "api_key": [
        {
          "current_key": "AIzaSyBIpv3nVmI4_mQoY-CRp690F6oi0CUYrvM"
        }
      ],
      "services": {
        "appinvite_service": {
          "other_platform_oauth_client": [
            {
              "client_id": "745193453655-5otopf79ob0dlfbkqkt2urhdq2gc2q06.apps.googleusercontent.com",
              "client_type": 3
            }
          ]
        }
      }
    }
  ],
  "configuration_version": "1"
}